ORIGIN,DEST,delayed,FL_COUNT,rate
ATL,AUS,4992,29335,17.017214930969832
ATL,BNA,5977,35506,16.83377457331155
ATL,BOS,11420,57606,19.824323855153978
ATL,BWI,11378,65099,17.47799505368746
ATL,CLT,12004,67837,17.695357990477174
ATL,CVG,3416,24931,13.701817014961293
ATL,DAL,3192,17343,18.40512022141498
ATL,DCA,12620,69734,18.097341325608742
ATL,DEN,10039,54451,18.436759655470055
ATL,DFW,14020,79856,17.5566018833901
ATL,DTW,8507,51946,16.376621876564123
ATL,EWR,17163,57567,29.813955912241386
ATL,FLL,14124,77588,18.203845955560137
ATL,HOU,7777,41122,18.912017897962162
ATL,IAD,7125,40600,17.549261083743843
ATL,IAH,9776,48076,20.334470421832098
ATL,JFK,5358,22862,23.436269792669055
ATL,LAS,7535,44162,17.06218015488429
ATL,LAX,11395,56044,20.332238955106703
ATL,LGA,23949,93956,25.489590872323216
ATL,MCI,6214,38950,15.953786906290116
ATL,MCO,16132,90699,17.786304148888078
ATL,MDW,8799,48142,18.27718000913963
ATL,MIA,10495,61184,17.15317730125523
ATL,MSP,8720,53647,16.25440378772345
ATL,MSY,8667,54613,15.869847838426749
ATL,OAK,348,1471,23.657375934738273
ATL,ORD,16330,71845,22.72948709026376
ATL,PDX,1850,12235,15.120555782590927
ATL,PHL,13799,67487,20.446900884614816
ATL,PHX,6046,38696,15.624353938391566
ATL,RDU,7962,52856,15.06356894203118
ATL,SAN,3303,21632,15.269045857988164
ATL,SEA,4608,28605,16.109071840587312
ATL,SFO,7248,33003,21.961639850922644
ATL,SJC,807,4766,16.93243810323122
ATL,SLC,4112,28365,14.49673893883307
ATL,STL,6399,40090,15.961586430531305
ATL,TPA,12726,72582,17.533272712242702
AUS,ATL,4403,29331,15.011421363062972
AUS,BNA,1013,7215,14.04019404019404
AUS,BOS,1447,5197,27.84298633827208
AUS,BWI,1166,7479,15.590319561438696
AUS,CLT,1186,9848,12.043054427294882
AUS,CVG,84,440,19.090909090909093
AUS,DAL,6015,37974,15.839785116132092
AUS,DCA,383,2368,16.173986486486484
AUS,DEN,4688,27888,16.810097532989097
AUS,DFW,6938,48724,14.239389212708318
AUS,DTW,540,4640,11.637931034482758
AUS,EWR,2782,10951,25.404072687425806
AUS,FLL,1545,8325,18.55855855855856
AUS,HOU,3381,17054,19.825260935850828
AUS,IAD,865,4736,18.26435810810811
AUS,IAH,4485,30019,14.940537659482327
AUS,JFK,2844,15271,18.623534804531463
AUS,LAS,2297,12321,18.64296729161594
AUS,LAX,4293,25727,16.686749329498195
AUS,MCI,107,646,16.563467492260063
AUS,MCO,1926,10234,18.819620871604457
AUS,MDW,1379,8674,15.898086234724465
AUS,MIA,190,1626,11.685116851168512
AUS,MSP,583,4096,14.2333984375
AUS,MSY,491,2708,18.131462333825702
AUS,OAK,791,3603,21.953927282819873
AUS,ORD,3828,21057,18.179227810229378
AUS,PDX,264,1697,15.556865055981142
AUS,PHL,690,3587,19.236130471145803
AUS,PHX,3519,24189,14.547935011782215
AUS,RDU,103,526,19.581749049429657
AUS,SAN,1315,7971,16.497302722368588
AUS,SEA,932,5654,16.483905199858505
AUS,SFO,3935,18242,21.571099660124986
AUS,SJC,1382,7511,18.399680468645986
AUS,SLC,675,6499,10.386213263579013
AUS,STL,290,1755,16.524216524216524
AUS,TPA,718,3800,18.894736842105264
BNA,ATL,6558,35588,18.427559851635383
BNA,AUS,1408,7241,19.444828062422317
BNA,BOS,1879,7554,24.874238813873443
BNA,BWI,4128,21495,19.20446615491975
BNA,CLT,3121,19389,16.096755892516377
BNA,CVG,648,4340,14.930875576036867
BNA,DAL,1016,5048,20.126782884310618
BNA,DCA,3290,15318,21.477999738869304
BNA,DEN,4452,25992,17.128347183748847
BNA,DFW,4643,27945,16.614779030237965
BNA,DTW,3573,22888,15.610800419433765
BNA,EWR,5709,17808,32.05862533692722
BNA,FLL,2070,9972,20.75812274368231
BNA,HOU,2693,13713,19.638299423904325
BNA,IAD,1186,5541,21.40407868615773
BNA,IAH,3790,18325,20.68212824010914
BNA,JFK,1336,4983,26.81115793698575
BNA,LAS,1520,10623,14.308575731902476
BNA,LAX,3062,16488,18.571081999029598
BNA,LGA,6209,22824,27.203820539782686
BNA,MCI,2010,12016,16.72769640479361
BNA,MCO,3003,16366,18.34901625320787
BNA,MDW,4608,24098,19.121918831438293
BNA,MIA,1284,7280,17.63736263736264
BNA,MSP,1931,12209,15.816201163076418
BNA,MSY,2022,10910,18.53345554537122
BNA,OAK,259,1656,15.640096618357488
BNA,ORD,9433,38189,24.700830081960774
BNA,PHL,2050,9165,22.367703218767048
BNA,PHX,1526,8670,17.60092272202999
BNA,RDU,2360,13005,18.146866589773165
BNA,SAN,794,4660,17.03862660944206
BNA,SEA,463,3347,13.833283537496266
BNA,SFO,479,1835,26.103542234332426
BNA,SLC,493,3492,14.117983963344788
BNA,STL,1217,7039,17.28938769711607
BNA,TPA,2675,13909,19.2321518441297
BOS,ATL,10758,57487,18.713796162610677
BOS,AUS,933,5198,17.94921123509042
BOS,BNA,1574,7543,20.867029033541034
BOS,BWI,11669,57432,20.317941217439756
BOS,CLT,7219,38926,18.54544520371988
BOS,CVG,1354,7252,18.670711527854387
BOS,DAL,247,1241,19.90330378726833
BOS,DCA,14972,84183,17.785063492629153
BOS,DEN,5389,26110,20.639601685178093
BOS,DFW,6783,32821,20.666646354468178
BOS,DTW,5010,28980,17.28778467908903
BOS,EWR,12213,44839,27.237449541693614
BOS,FLL,6269,22235,28.194288284236563
BOS,HOU,1233,5679,21.71156893819334
BOS,IAD,5478,29057,18.852600061947207
BOS,IAH,3602,17070,21.101347393087288
BOS,JFK,13705,56150,24.407836153161174
BOS,LAS,2871,10284,27.9171528588098
BOS,LAX,8408,37831,22.22515926092358
BOS,LGA,18344,79228,23.153430605341548
BOS,MCI,842,4185,20.1194743130227
BOS,MCO,8214,34496,23.811456400742117
BOS,MDW,3036,15554,19.519094766619517
BOS,MIA,4654,24622,18.90179514255544
BOS,MSP,3420,19405,17.624323627930945
BOS,MSY,1002,4649,21.553022155302216
BOS,OAK,453,1392,32.543103448275865
BOS,ORD,14668,68557,21.39533526846274
BOS,PDX,865,5209,16.605874448070647
BOS,PHL,12620,58900,21.42614601018676
BOS,PHX,3243,15567,20.832530352669107
BOS,RDU,5023,23880,21.034338358458964
BOS,SAN,1845,8360,22.06937799043062
BOS,SEA,3092,14831,20.84822331602724
BOS,SFO,10137,39878,25.420031094839256
BOS,SJC,752,2275,33.05494505494506
BOS,SLC,1578,7335,21.51329243353783
BOS,STL,1640,8340,19.664268585131893
BOS,TPA,3686,14997,24.57824898312996
BWI,ATL,12287,65194,18.846826395067033
BWI,AUS,1641,7400,22.175675675675677
BWI,BNA,4613,21626,21.330805511883845
BWI,BOS,13126,57350,22.88753269398431
BWI,CLT,6543,37258,17.5613291105266
BWI,CVG,863,4532,19.042365401588704
BWI,DAL,1077,5685,18.944591029023748
BWI,DEN,4282,23752,18.027955540586056
BWI,DFW,4055,19289,21.02234434133444
BWI,DTW,5331,30830,17.291599091793707
BWI,EWR,2953,8650,34.138728323699425
BWI,FLL,8477,38191,22.196328978031474
BWI,HOU,2713,11606,23.375840082715836
BWI,IAH,2077,11668,17.800822763112787
BWI,JFK,2032,6221,32.66355891335798
BWI,LAS,3041,15744,19.315294715447155
BWI,LAX,2867,13446,21.322326342406665
BWI,LGA,1395,3802,36.69121514992109
BWI,MCI,2055,9271,22.165893646855785
BWI,MCO,8578,41356,20.741851242866815
BWI,MDW,4865,23114,21.04784978800727
BWI,MIA,1954,10762,18.156476491358482
BWI,MSP,2120,13537,15.660781561645859
BWI,MSY,2138,10122,21.122307844299545
BWI,OAK,505,2138,23.62020579981291
BWI,ORD,6111,27983,21.838258942929638
BWI,PDX,101,531,19.02071563088512
BWI,PHL,1136,4258,26.67919210897135
BWI,PHX,3446,18022,19.121074242592385
BWI,RDU,5274,23214,22.719048849832
BWI,SAN,1903,8935,21.298265249020705
BWI,SEA,1080,5131,21.048528551939192
BWI,SFO,848,4648,18.244406196213426
BWI,SJC,190,782,24.296675191815854
BWI,SLC,1743,10140,17.189349112426036
BWI,STL,3028,15054,20.11425534741597
BWI,TPA,5932,27813,21.32815589832093
CLT,ATL,12703,67784,18.74041071639325
CLT,AUS,1977,9839,20.093505437544465
CLT,BNA,3143,19441,16.166863844452443
CLT,BOS,8708,38955,22.353998203054807
CLT,BWI,7237,37239,19.433926797175005
CLT,CVG,1711,8827,19.383709074430726
CLT,DAL,258,1262,20.44374009508716
CLT,DCA,5269,28275,18.634836427939877
CLT,DEN,4477,21626,20.701932858596134
CLT,DFW,8561,44068,19.426794953254063
CLT,DTW,5241,32538,16.107320671215195
CLT,EWR,14328,46700,30.680942184154176
CLT,FLL,5549,27636,20.078882616876538
CLT,HOU,538,2331,23.08022308022308
CLT,IAD,4151,19689,21.082838132967645
CLT,IAH,8455,40649,20.80001968068095
CLT,JFK,7161,26864,26.6564919594997
CLT,LAS,3624,17130,21.155866900175134
CLT,LAX,4399,18859,23.325733071742935
CLT,LGA,12483,46212,27.012464294988312
CLT,MCI,2124,12768,16.63533834586466
CLT,MCO,7441,33909,21.9440266595889
CLT,MDW,798,4116,19.387755102040817
CLT,MIA,7209,34507,20.891413336424495
CLT,MSP,3316,20537,16.14646735160929
CLT,MSY,2972,17652,16.836619079990935
CLT,OAK,0,1,0.0
CLT,ORD,12497,53570,23.328355422811274
CLT,PDX,626,2581,24.254165052305307
CLT,PHL,7743,34745,22.28522089509282
CLT,PHX,5747,29067,19.77156225272646
CLT,RDU,4892,28445,17.198101599578134
CLT,SAN,1580,7430,21.265141318977122
CLT,SEA,1975,8386,23.551156689720965
CLT,SFO,4771,17534,27.209992015512718
CLT,SJC,126,416,30.288461538461537
CLT,SLC,809,4811,16.815630845977967
CLT,STL,2480,13708,18.09162532827546
CLT,TPA,5787,30235,19.14006945592856
CVG,ATL,3423,24470,13.988557417245605
CVG,AUS,54,420,12.857142857142856
CVG,BNA,563,4279,13.157279738256603
CVG,BOS,1775,7638,23.23906781880073
CVG,BWI,930,4665,19.935691318327976
CVG,CLT,1776,8817,20.14290575025519
CVG,DCA,1505,6455,23.315259488768397
CVG,DEN,1628,9054,17.981002871658937
CVG,DFW,4852,21637,22.424550538429543
CVG,DTW,1697,9418,18.018687619452113
CVG,EWR,6264,17651,35.48807433006628
CVG,FLL,826,5537,14.917825537294563
CVG,IAD,888,4016,22.111553784860558
CVG,IAH,3416,14850,23.003367003367003
CVG,JFK,1780,5466,32.564946944749366
CVG,LAS,941,5912,15.916779431664411
CVG,LAX,1181,7818,15.1061652596572
CVG,LGA,2680,8524,31.44063819802909
CVG,MCI,564,3418,16.500877706260972
CVG,MCO,1476,10627,13.889150277594805
CVG,MDW,507,2704,18.75
CVG,MIA,1383,6792,20.362190812720847
CVG,MSP,1840,10895,16.888480954566315
CVG,MSY,228,1233,18.491484184914842
CVG,ORD,9569,38629,24.77154469440058
CVG,PHL,1759,6302,27.911774039987307
CVG,PHX,408,2225,18.337078651685392
CVG,RDU,617,3108,19.851994851994853
CVG,SAN,207,1222,16.939443535188218
CVG,SEA,277,2530,10.948616600790514
CVG,SFO,916,4712,19.439728353140918
CVG,SJC,21,94,22.340425531914892
CVG,SLC,738,7361,10.02581171036544
CVG,STL,492,3143,15.653833916640153
CVG,TPA,721,5384,13.391530460624072
DAL,ATL,3468,17395,19.936763437769475
DAL,AUS,7726,37735,20.474360673115143
DAL,BNA,1042,5062,20.584749111023314
DAL,BOS,238,1241,19.17808219178082
DAL,BWI,1139,5691,20.014057283429977
DAL,CLT,317,1262,25.118858954041208
DAL,DCA,2227,10171,21.89558548815259
DAL,DEN,2327,10401,22.37284876454187
DAL,DTW,302,1242,24.315619967793882
DAL,FLL,813,3572,22.760358342665175
DAL,HOU,18007,76957,23.398781137518355
DAL,IAH,2707,13226,20.46726145471042
DAL,LAS,1479,8168,18.10724779627816
DAL,LAX,2560,10674,23.983511335956532
DAL,LGA,3169,10894,29.089407013034695
DAL,MCI,6073,27472,22.10614443797321
DAL,MCO,1131,5138,22.012456208641495
DAL,MDW,2132,9919,21.494102228047183
DAL,MSP,1,9,11.11111111111111
DAL,MSY,5153,24272,21.230224126565588
DAL,OAK,654,2924,22.366621067031463
DAL,ORD,179,893,20.044792833146698
DAL,PDX,502,1922,26.11862643080125
DAL,PHL,300,1250,24.0
DAL,PHX,1689,7838,21.548864506251594
DAL,RDU,333,1289,25.83397982932506
DAL,SAN,941,4646,20.253981919931125
DAL,SEA,704,2488,28.29581993569132
DAL,SFO,1785,6364,28.048397234443744
DAL,SJC,530,2382,22.250209907640638
DAL,SLC,291,1267,22.967640094711918
DAL,STL,5096,25280,20.158227848101266
DAL,TPA,786,3167,24.81844016419324
DCA,ATL,12320,69752,17.662575983484345
DCA,AUS,517,2368,21.83277027027027
DCA,BNA,3352,15315,21.88703885079987
DCA,BOS,17118,84230,20.322925323518938
DCA,CLT,4452,28539,15.599705665930832
DCA,CVG,1212,6407,18.91680973934759
DCA,DAL,1609,10181,15.80394853157843
DCA,DEN,2896,14462,20.02489282256949
DCA,DFW,6885,35769,19.24851128071794
DCA,DTW,3514,23000,15.278260869565216
DCA,EWR,7150,18815,38.00159447249535
DCA,FLL,4616,21305,21.66627552217789
DCA,HOU,960,5902,16.26567265333785
DCA,IAH,3972,24016,16.538974017321788
DCA,JFK,6653,23038,28.878374858928723
DCA,LAS,609,3591,16.95906432748538
DCA,LAX,1416,8326,17.00696613019457
DCA,LGA,11754,46254,25.41185627189
DCA,MCI,655,4212,15.550807217473883
DCA,MCO,6260,32706,19.140218920075828
DCA,MDW,2237,11478,19.489458093744556
DCA,MIA,6665,32870,20.27684818983876
DCA,MSP,3193,20036,15.936314633659412
DCA,MSY,1016,5448,18.64904552129222
DCA,ORD,14697,70387,20.880276187364146
DCA,PDX,316,2317,13.638325420802763
DCA,PHL,909,4002,22.713643178410795
DCA,PHX,1893,10766,17.583132082481885
DCA,RDU,3340,14996,22.272606028274204
DCA,SAN,164,700,23.42857142857143
DCA,SEA,873,7250,12.041379310344828
DCA,SFO,1002,4730,21.183932346723044
DCA,SLC,744,5198,14.313197383609081
DCA,STL,2897,14744,19.64867064568638
DCA,TPA,4031,21022,19.175149843021597
DEN,ATL,10382,55030,18.866073051063058
DEN,AUS,5688,27554,20.64310082020759
DEN,BNA,5227,25510,20.49000392003136
DEN,BOS,6488,26875,24.141395348837207
DEN,BWI,4762,23732,20.065734030001686
DEN,CLT,3706,21629,17.134402885015486
DEN,CVG,1996,9782,20.40482518912288
DEN,DAL,2232,10342,21.581899052407657
DEN,DCA,3087,14470,21.33379405666897
DEN,DFW,13782,64628,21.325122238039242
DEN,DTW,5695,28669,19.864662178659877
DEN,EWR,8647,29269,29.543202705934608
DEN,FLL,2687,13107,20.50049591821164
DEN,HOU,3813,17657,21.594834909667554
DEN,IAD,6482,34410,18.837547224644
DEN,IAH,8918,46100,19.344902386117134
DEN,JFK,2243,9655,23.231486276540654
DEN,LAS,13580,71046,19.11437660107536
DEN,LAX,17474,79642,21.94068456342131
DEN,LGA,9691,33735,28.7268415592115
DEN,MCI,7932,38240,20.742677824267783
DEN,MCO,6016,30672,19.61398017736046
DEN,MDW,7934,37659,21.068004992166546
DEN,MIA,2059,10039,20.510010957266662
DEN,MSP,11680,58453,19.981865772500985
DEN,MSY,3079,16248,18.950024618414574
DEN,OAK,3405,16518,20.613875771885215
DEN,ORD,12437,55907,22.245872609869963
DEN,PDX,8134,40596,20.036456793772786
DEN,PHL,6000,27131,22.11492388780362
DEN,PHX,15950,80530,19.806283372656154
DEN,RDU,2079,8343,24.919093851132686
DEN,SAN,8820,45590,19.346347883307743
DEN,SEA,11703,59596,19.63722397476341
DEN,SFO,18426,64167,28.715694983402685
DEN,SJC,4881,26391,18.494941457314994
DEN,SLC,15216,74995,20.289352623508233
DEN,STL,5216,24321,21.446486575387524
DEN,TPA,3577,17477,20.466899353435945
DFW,ATL,15427,79880,19.312719078617928
DFW,AUS,10986,48724,22.54740990066497
DFW,BNA,5909,27947,21.143593230042583
DFW,BOS,8366,32670,25.607591062136514
DFW,BWI,4797,19291,24.866518065419108
DFW,CLT,8249,44079,18.714126908505182
DFW,CVG,4801,21473,22.358310436361943
DFW,DCA,8446,35723,23.6430311004115
DFW,DEN,13247,63349,20.911143033039195
DFW,DTW,6074,29269,20.752331818647715
DFW,EWR,9577,30989,30.904514505146985
DFW,FLL,5403,23860,22.644593461860854
DFW,HOU,5344,20974,25.479164680080103
DFW,IAD,4637,20626,22.481334238339958
DFW,IAH,10222,48735,20.97465886939571
DFW,JFK,1784,6550,27.236641221374047
DFW,LAS,9881,44568,22.170615688386285
DFW,LAX,16318,72505,22.506034066616095
DFW,LGA,12937,49933,25.90871768169347
DFW,MCI,5735,26585,21.572315215347
DFW,MCO,8984,38652,23.243299182448514
DFW,MIA,10308,37776,27.28716645489199
DFW,MSP,6398,30787,20.781498684509696
DFW,MSY,5591,24241,23.064230023513883
DFW,OAK,240,1367,17.55669348939283
DFW,ORD,18403,76683,23.998800255597722
DFW,PDX,4410,18145,24.30421603747589
DFW,PHL,8953,38124,23.483894659532055
DFW,PHX,9160,48019,19.075782502759324
DFW,RDU,4121,18070,22.805755395683452
DFW,SAN,7725,32987,23.41831630642374
DFW,SEA,8148,38232,21.311989956057754
DFW,SFO,14452,49472,29.212483829236742
DFW,SJC,4129,17613,23.44291148583433
DFW,SLC,6376,31495,20.24448325130973
DFW,STL,5809,28656,20.271496370742604
DFW,TPA,5832,25554,22.822258746184552
DTW,ATL,8917,52545,16.970216005328766
DTW,AUS,849,4565,18.59802847754655
DTW,BNA,3695,22766,16.230343494685055
DTW,BOS,5637,28745,19.610367020351365
DTW,BWI,5269,30793,17.111031727990127
DTW,CLT,5425,32628,16.6268235871031
DTW,CVG,1851,9060,20.430463576158942
DTW,DAL,263,1242,21.175523349436393
DTW,DCA,4115,22960,17.92247386759582
DTW,DEN,4975,28640,17.37081005586592
DTW,DFW,5647,28750,19.641739130434782
DTW,EWR,9215,26515,34.75391287950217
DTW,FLL,3377,21271,15.87607540783226
DTW,IAD,2863,13082,21.885032869591807
DTW,IAH,5292,24267,21.807392755594016
DTW,JFK,2390,7815,30.58221369161868
DTW,LAS,4053,25244,16.05530026937094
DTW,LAX,4114,20743,19.833196741069276
DTW,LGA,11359,45230,25.11386248065443
DTW,MCI,2164,13215,16.375331063185776
DTW,MCO,5187,30003,17.28827117288271
DTW,MDW,5755,27780,20.716342692584593
DTW,MIA,2364,14461,16.347417191065624
DTW,MSP,4833,31555,15.316114720329582
DTW,MSY,1190,7953,14.962907079089652
DTW,OAK,57,359,15.87743732590529
DTW,ORD,13844,56632,24.445543155812967
DTW,PDX,501,2833,17.684433462760325
DTW,PHL,5601,23922,23.413594181088538
DTW,PHX,4440,29468,15.067191529795032
DTW,RDU,1785,10857,16.44100580270793
DTW,SAN,1254,7657,16.377171215880892
DTW,SEA,2733,16838,16.23114384131132
DTW,SFO,3163,14230,22.227687983134224
DTW,SJC,2,38,5.263157894736842
DTW,SLC,2332,14625,15.945299145299147
DTW,STL,2775,16432,16.88777994157741
DTW,TPA,3199,19170,16.68753260302556
EWR,ATL,14330,57289,25.013527902389637
EWR,AUS,2232,10955,20.374258329529894
EWR,BNA,5281,17993,29.3503028955705
EWR,BOS,11261,44508,25.301069470656962
EWR,BWI,2512,8426,29.812485164965587
EWR,CLT,9937,46690,21.282929963589634
EWR,CVG,5451,17887,30.474646391233858
EWR,DCA,6524,18865,34.58256029684601
EWR,DEN,6863,28570,24.021701085054254
EWR,DFW,7181,31626,22.706001391260354
EWR,DTW,7304,27249,26.804653381775477
EWR,FLL,11535,42839,26.926398842176518
EWR,HOU,1158,4288,27.005597014925375
EWR,IAD,2429,8435,28.79668049792531
EWR,IAH,8930,38345,23.28856434998044
EWR,JFK,1,1,100.0
EWR,LAS,4835,21235,22.769013421238522
EWR,LAX,10615,42237,25.131993276037594
EWR,LGA,1,1,100.0
EWR,MCI,3765,11133,33.818377795742386
EWR,MCO,13633,55096,24.74408305503122
EWR,MDW,4369,15758,27.725599695392816
EWR,MIA,6535,28159,23.207500266344685
EWR,MSP,5057,19599,25.80233685392112
EWR,MSY,2395,10455,22.907699665231945
EWR,OAK,79,300,26.333333333333332
EWR,ORD,15317,57422,26.67444533454077
EWR,PDX,1655,6279,26.35770027074375
EWR,PHL,105,243,43.20987654320987
EWR,PHX,5862,25629,22.872527215263958
EWR,RDU,3429,12526,27.375059875459044
EWR,SAN,3036,12142,25.00411793773678
EWR,SEA,4187,18796,22.27601617365397
EWR,SFO,12698,46415,27.35753527954325
EWR,SJC,332,1194,27.80569514237856
EWR,SLC,1179,5250,22.457142857142856
EWR,STL,6160,20081,30.67576315920522
EWR,TPA,5838,24094,24.2300987797792
FLL,ATL,12874,77584,16.593627552072594
FLL,AUS,1937,8333,23.244929797191887
FLL,BNA,1771,9928,17.838436744560838
FLL,BOS,6320,22221,28.44156428603573
FLL,BWI,7569,38096,19.86822763544729
FLL,CLT,3671,27629,13.286763907488508
FLL,CVG,764,5536,13.800578034682081
FLL,DAL,627,3558,17.622259696458684
FLL,DCA,4465,21306,20.956538064395005
FLL,DEN,2305,13073,17.631760116270176
FLL,DFW,4332,23872,18.146782841823057
FLL,DTW,3125,21270,14.69205453690644
FLL,EWR,12474,42848,29.11221060492905
FLL,HOU,1538,7612,20.20493956910142
FLL,IAD,1092,5295,20.623229461756374
FLL,IAH,2672,18422,14.504396916729997
FLL,JFK,11662,42558,27.402603505803846
FLL,LAS,1439,7297,19.720433054680004
FLL,LAX,2883,13382,21.54386489314004
FLL,LGA,12322,44762,27.527813770609
FLL,MCI,617,3606,17.11037160288408
FLL,MCO,2168,12200,17.770491803278688
FLL,MDW,2618,13455,19.45745076179859
FLL,MSP,978,5484,17.833698030634572
FLL,MSY,1564,9659,16.19215239672844
FLL,ORD,4364,19742,22.10515651909634
FLL,PHL,5522,26152,21.1150198837565
FLL,PHX,1090,6712,16.239570917759238
FLL,RDU,1843,7909,23.30256669616892
FLL,SAN,237,818,28.973105134474324
FLL,SEA,523,2664,19.63213213213213
FLL,SFO,2810,10409,26.99586895955423
FLL,SLC,128,1124,11.387900355871885
FLL,STL,958,4856,19.728171334431632
FLL,TPA,3902,22150,17.61625282167043
HOU,ATL,7686,41145,18.68027706890266
HOU,AUS,3864,16981,22.754843648783936
HOU,BNA,2650,13685,19.36426744610888
HOU,BOS,1575,5678,27.738640366326173
HOU,BWI,2498,11629,21.48078080660418
HOU,CLT,645,2323,27.765820060266893
HOU,DAL,18455,77054,23.950735847587406
HOU,DCA,1358,5895,23.036471586089906
HOU,DEN,3498,17756,19.70038296913719
HOU,DFW,4901,20974,23.367025841518068
HOU,EWR,1334,4275,31.2046783625731
HOU,FLL,1955,7584,25.777953586497894
HOU,JFK,1513,5734,26.386466689919775
HOU,LAS,2694,15483,17.39972873474133
HOU,LAX,3747,15413,24.310646856549667
HOU,LGA,1692,5288,31.996974281391832
HOU,MCI,985,5002,19.692123150739704
HOU,MCO,3683,15468,23.810447375226275
HOU,MDW,4538,22076,20.55626019206378
HOU,MIA,1,12,8.333333333333332
HOU,MSY,6691,33201,20.153007439534953
HOU,OAK,1631,7103,22.96212867802337
HOU,PDX,159,675,23.555555555555554
HOU,PHL,627,2206,28.42248413417951
HOU,PHX,3054,14809,20.622594368289555
HOU,RDU,841,3148,26.715374841168998
HOU,SAN,1624,7386,21.98754400216626
HOU,SEA,267,800,33.375
HOU,SJC,54,268,20.149253731343283
HOU,SLC,37,166,22.289156626506024
HOU,STL,2682,13393,20.025386395878446
HOU,TPA,3084,12257,25.161132414130698
IAD,ATL,8259,40246,20.52129404164389
IAD,AUS,1043,4961,21.023987099375127
IAD,BNA,1378,5511,25.00453638178189
IAD,BOS,6049,27926,21.660817875814654
IAD,CLT,4090,17836,22.93115048217089
IAD,CVG,911,4343,20.976283674879113
IAD,DCA,2,2,100.0
IAD,DEN,6340,34993,18.117909296144944
IAD,DFW,4218,20628,20.447934845840603
IAD,DTW,2622,12997,20.173886281449565
IAD,EWR,3180,8838,35.980991174473864
IAD,FLL,954,5300,18.0
IAD,IAH,3484,15151,22.99518183618243
IAD,JFK,5587,19484,28.67481010059536
IAD,LAS,1770,9767,18.12224838742705
IAD,LAX,7995,40573,19.705222685036848
IAD,LGA,3826,11205,34.1454707719768
IAD,MCI,896,3884,23.06900102986612
IAD,MCO,4316,22182,19.45721756379046
IAD,MDW,2022,12504,16.170825335892513
IAD,MIA,1746,9508,18.36348338241481
IAD,MSP,861,4883,17.63260290804833
IAD,MSY,839,4129,20.319689997578106
IAD,OAK,406,1593,25.48650345260515
IAD,ORD,4359,22602,19.28590390230953
IAD,PDX,875,3420,25.584795321637426
IAD,PHL,279,1101,25.340599455040874
IAD,PHX,966,3973,24.31412031210672
IAD,RDU,1806,10704,16.87219730941704
IAD,SAN,1911,10983,17.39961759082218
IAD,SEA,1963,11745,16.713495104299703
IAD,SFO,7881,38228,20.61577901014963
IAD,SLC,494,2578,19.162141194724594
IAD,STL,140,708,19.774011299435028
IAD,TPA,2023,11575,17.47732181425486
IAH,ATL,10192,48408,21.05437117831763
IAH,AUS,5247,29495,17.789455839972877
IAH,BNA,3671,17751,20.68052504084277
IAH,BOS,3525,17300,20.3757225433526
IAH,BWI,2042,11626,17.56408050920351
IAH,CLT,7259,40449,17.94605552671265
IAH,CVG,2989,14630,20.430622009569376
IAH,DAL,2831,13216,21.421004842615012
IAH,DCA,4057,23934,16.9507813152837
IAH,DEN,8479,44294,19.142547523366595
IAH,DFW,10023,48085,20.8443381511906
IAH,DTW,4625,24106,19.18609474819547
IAH,EWR,8957,37649,23.79080453664108
IAH,FLL,3339,18428,18.119166485782504
IAH,IAD,3159,15762,20.04187285877427
IAH,JFK,322,1023,31.47605083088954
IAH,LAS,4721,28103,16.79891826495392
IAH,LAX,10590,46359,22.843460816669904
IAH,LGA,7711,29086,26.511036237365055
IAH,MCI,4837,22076,21.910672223228847
IAH,MCO,4570,25205,18.13132315016862
IAH,MIA,5282,28468,18.554166081213992
IAH,MSP,4365,21433,20.365791069845564
IAH,MSY,5782,33859,17.0767004341534
IAH,OAK,164,808,20.2970297029703
IAH,ORD,12441,53159,23.403374781316426
IAH,PDX,2153,10194,21.12026682362174
IAH,PHL,4481,20341,22.029398751290497
IAH,PHX,5190,32844,15.801972963098281
IAH,RDU,2389,12033,19.853735560541843
IAH,SAN,3874,21668,17.878899760014768
IAH,SEA,5277,24724,21.34363371622715
IAH,SFO,8476,32876,25.7817252707142
IAH,SJC,1015,6578,15.430221951961082
IAH,SLC,3773,21370,17.655591951333648
IAH,STL,1470,8814,16.678012253233494
IAH,TPA,3196,18194,17.566230625480927
JFK,ATL,4629,23160,19.987046632124354
JFK,AUS,3761,15272,24.62676794133054
JFK,BNA,1351,4987,27.09043513134149
JFK,BOS,14032,56222,24.95820141581587
JFK,BWI,1687,6129,27.524881709903738
JFK,CLT,5988,26785,22.35579615456412
JFK,CVG,1651,5767,28.628402982486563
JFK,DCA,6273,23278,26.948191425380188
JFK,DEN,2433,9652,25.207210940737674
JFK,DFW,1825,6591,27.689273251403428
JFK,DTW,2002,7978,25.09400852343946
JFK,FLL,11153,42579,26.193663543061135
JFK,HOU,1483,5737,25.849747254662713
JFK,IAD,5112,19518,26.191208115585614
JFK,IAH,390,1027,37.9746835443038
JFK,LAS,8032,39483,20.342932401286628
JFK,LAX,22125,113637,19.469890968610574
JFK,LGA,1,1,100.0
JFK,MCI,299,792,37.75252525252525
JFK,MCO,13101,53830,24.33772989039569
JFK,MIA,7591,36581,20.751209644350894
JFK,MSP,2088,9615,21.716068642745707
JFK,MSY,2938,12597,23.323013415892675
JFK,OAK,1264,4243,29.79024275276927
JFK,ORD,6266,20147,31.101404675634086
JFK,PDX,2284,8556,26.694717157550258
JFK,PHL,939,2907,32.30134158926729
JFK,PHX,4707,22911,20.544716511719262
JFK,RDU,6597,25542,25.828047921071178
JFK,SAN,4075,18660,21.838156484458736
JFK,SEA,4963,22771,21.795265908392253
JFK,SFO,18072,78481,23.02722952052089
JFK,SJC,990,3734,26.513122656668454
JFK,SLC,3808,19529,19.499206308566748
JFK,STL,419,1506,27.822045152722442
JFK,TPA,6519,26567,24.537960627846577
LAS,ATL,5999,44167,13.582538999705662
LAS,AUS,2412,12367,19.503517425406322
LAS,BNA,2036,10631,19.151537955037156
LAS,BOS,2471,10286,24.02294380711647
LAS,BWI,3242,15796,20.52418333755381
LAS,CLT,2491,17135,14.537496352494895
LAS,CVG,807,5913,13.647894469812277
LAS,DAL,1687,8186,20.60835572929392
LAS,DCA,609,3587,16.977976024533035
LAS,DEN,12194,71657,17.017179061361766
LAS,DFW,7758,44565,17.40828004039044
LAS,DTW,3164,25256,12.527716186252771
LAS,EWR,4548,21260,21.39228598306679
LAS,FLL,1919,7293,26.312902783491023
LAS,HOU,3132,15398,20.34030393557605
LAS,IAD,1562,10182,15.340797485759182
LAS,IAH,3887,28181,13.792981086547673
LAS,JFK,8167,39484,20.68432782899402
LAS,LAX,24169,111945,21.59006655053821
LAS,LGA,0,1,0.0
LAS,MCI,2932,15724,18.6466547952175
LAS,MCO,2069,9509,21.758334209696077
LAS,MDW,5974,30773,19.41312189256816
LAS,MIA,2222,12804,17.353951890034363
LAS,MSP,2981,24474,12.180272942714717
LAS,MSY,1698,8255,20.569351907934585
LAS,OAK,7277,34365,21.175614724283427
LAS,ORD,7175,41027,17.4884831939942
LAS,PDX,4213,27068,15.56450421161519
LAS,PHL,4240,21613,19.61782260676445
LAS,PHX,12186,69520,17.528768699654776
LAS,RDU,913,4596,19.865100087032204
LAS,SAN,9423,45303,20.799947023375935
LAS,SEA,7819,52070,15.016324178989821
LAS,SFO,21721,77744,27.939133566577485
LAS,SJC,6056,31401,19.28600999968154
LAS,SLC,7048,43597,16.166249971328302
LAS,STL,2799,14852,18.84594667384864
LAS,TPA,1566,7465,20.97789685197589
LAX,ATL,9791,55730,17.568634487708596
LAX,AUS,4367,25733,16.97042707807096
LAX,BNA,2963,16443,18.019826065803077
LAX,BOS,7444,37880,19.65153115100317
LAX,BWI,2472,13545,18.250276854928018
LAX,CLT,3303,18854,17.518828895725044
LAX,CVG,1136,7817,14.532429320711271
LAX,DAL,2487,10664,23.32145536384096
LAX,DCA,1325,8329,15.90827230159683
LAX,DEN,15107,78721,19.190559063020032
LAX,DFW,12805,72581,17.642358192915502
LAX,DTW,3295,21245,15.509531654506942
LAX,EWR,10013,42217,23.717933533884455
LAX,FLL,3361,13369,25.140249831700203
LAX,HOU,3901,15433,25.27700382297674
LAX,IAD,6321,39003,16.206445658026304
LAX,IAH,8142,45958,17.71617563862657
LAX,JFK,22797,113599,20.067958344703737
LAX,LAS,22714,112157,20.25196822311581
LAX,MCI,2662,12262,21.709345946827597
LAX,MCO,4161,24409,17.046990864025563
LAX,MDW,4275,20681,20.67114743000822
LAX,MIA,5764,29818,19.330605674424845
LAX,MSP,4270,28362,15.05535575770397
LAX,MSY,3024,17358,17.421361908053925
LAX,OAK,13695,59208,23.13032022699635
LAX,ORD,15623,82636,18.905803765913163
LAX,PDX,5156,36886,13.978203112291926
LAX,PHL,4305,24532,17.548508071090822
LAX,PHX,16315,83302,19.585364096900435
LAX,RDU,930,5226,17.795637198622273
LAX,SAN,11806,76648,15.402880701388163
LAX,SEA,11307,73930,15.294197213580413
LAX,SFO,44014,147011,29.93925624613124
LAX,SJC,12698,64743,19.61293112768948
LAX,SLC,9348,53900,17.34322820037106
LAX,STL,3254,16536,19.67827769714562
LAX,TPA,915,4544,20.136443661971832
LGA,ATL,22140,93973,23.559958711544805
LGA,BNA,5740,22544,25.461320085166783
LGA,BOS,17442,79187,22.02634270776769
LGA,BWI,845,3826,22.08572922111866
LGA,CLT,9924,46280,21.443388072601554
LGA,CVG,2036,8632,23.586654309545878
LGA,DAL,2371,10875,21.802298850574715
LGA,DCA,10750,46196,23.270413022772534
LGA,DEN,7130,32581,21.88392007611798
LGA,DFW,10423,49896,20.889450056116722
LGA,DTW,9604,45213,21.241678278371264
LGA,FLL,12274,44762,27.42057995621286
LGA,HOU,1165,5265,22.127255460588792
LGA,IAD,3280,11326,28.959915239272473
LGA,IAH,6100,28960,21.06353591160221
LGA,JFK,1,1,100.0
LGA,LAS,2,2,100.0
LGA,MCI,1888,6243,30.24187089540285
LGA,MCO,8736,36079,24.213531417167882
LGA,MDW,5186,19828,26.154932418801696
LGA,MIA,11229,53001,21.186392709571518
LGA,MSP,6092,29611,20.573435547600553
LGA,MSY,1684,8019,21.00012470382841
LGA,ORD,25218,104700,24.08595988538682
LGA,PHL,940,5087,18.478474542952625
LGA,PHX,4,34,11.76470588235294
LGA,RDU,8462,31569,26.804776838037313
LGA,SLC,2,21,9.523809523809524
LGA,STL,4566,18947,24.098801921148468
LGA,TPA,4125,18146,22.73228259671553
MCI,ATL,5416,38964,13.90001026588646
MCI,AUS,86,647,13.292117465224113
MCI,BNA,1646,12046,13.664286900215838
MCI,BOS,931,4188,22.23018147086915
MCI,BWI,1581,9319,16.96533962871553
MCI,CLT,1586,12767,12.422652150074411
MCI,CVG,408,3395,12.017673048600884
MCI,DAL,5098,27494,18.542227395068014
MCI,DCA,671,4213,15.926892950391643
MCI,DEN,6768,38446,17.6039119804401
MCI,DFW,4702,26586,17.68600015045513
MCI,DTW,1606,13332,12.046204620462046
MCI,EWR,3709,11055,33.55042966983265
MCI,FLL,611,3606,16.94398225180255
MCI,HOU,844,4987,16.924002406256268
MCI,IAD,692,4117,16.80835559873694
MCI,IAH,3979,22205,17.91938752533213
MCI,JFK,309,710,43.52112676056338
MCI,LAS,2269,15731,14.423749284851567
MCI,LAX,2291,12242,18.714262375428852
MCI,LGA,2021,6231,32.43460118761033
MCI,MCO,1869,11274,16.577967003725387
MCI,MDW,5721,31014,18.44650802863223
MCI,MIA,87,873,9.965635738831615
MCI,MSP,2699,18907,14.275136192944412
MCI,MSY,305,2305,13.232104121475055
MCI,OAK,625,3663,17.062517062517063
MCI,ORD,7432,34539,21.51770462375865
MCI,PDX,799,4217,18.94711880483756
MCI,PHL,311,1647,18.88281724347298
MCI,PHX,2813,21241,13.24325596723318
MCI,RDU,65,387,16.795865633074936
MCI,SAN,883,6157,14.341400032483353
MCI,SEA,890,5863,15.1799420092103
MCI,SFO,1455,6609,22.01543349977304
MCI,SLC,760,7897,9.62390781309358
MCI,STL,2186,14586,14.986973810503223
MCI,TPA,946,5761,16.4207602846728
MCO,ATL,14602,90635,16.110773983560435
MCO,AUS,1824,10231,17.828169289414525
MCO,BNA,2760,16451,16.777095617287703
MCO,BOS,8068,34506,23.38144090882745
MCO,BWI,7568,41370,18.293449359439208
MCO,CLT,5512,33910,16.25479209672663
MCO,CVG,1433,10623,13.489598041984374
MCO,DAL,838,5145,16.287657920310984
MCO,DCA,6211,32711,18.98749656078995
MCO,DEN,5214,30593,17.04311443794332
MCO,DFW,7343,38627,19.010018898697805
MCO,DTW,3994,29998,13.314220948063205
MCO,EWR,15522,55136,28.152205455600697
MCO,FLL,2293,12176,18.832128777923785
MCO,HOU,2776,15602,17.792590693500834
MCO,IAD,4155,22205,18.712001801396084
MCO,IAH,4314,25267,17.073653381881506
MCO,JFK,13901,53790,25.843093511805172
MCO,LAS,1531,9495,16.124275934702474
MCO,LAX,4650,24411,19.04878948015239
MCO,LGA,9301,36090,25.77168190634525
MCO,MCI,1898,11262,16.853134434381104
MCO,MDW,5433,30024,18.095523581135094
MCO,MIA,6434,31201,20.621133938014808
MCO,MSP,2327,18045,12.89553893045165
MCO,MSY,2683,15256,17.58652333508128
MCO,OAK,47,180,26.111111111111114
MCO,ORD,7916,39679,19.95009954887976
MCO,PDX,69,656,10.518292682926829
MCO,PHL,10978,53114,20.66875023534285
MCO,PHX,2179,12822,16.99422866947434
MCO,RDU,2188,14052,15.570737261599774
MCO,SAN,599,3748,15.981856990394878
MCO,SEA,923,6540,14.113149847094803
MCO,SFO,1716,8764,19.580100410771337
MCO,SJC,50,237,21.09704641350211
MCO,SLC,1419,9683,14.654549209955592
MCO,STL,2928,17274,16.950329975686003
MDW,ATL,8949,48173,18.576796130612582
MDW,AUS,2004,8766,22.861054072553046
MDW,BNA,5080,24159,21.02736040399023
MDW,BOS,3827,15491,24.704667226131303
MDW,BWI,5332,23129,23.053309697782005
MDW,CLT,1021,4127,24.73952023261449
MDW,CVG,502,2706,18.551367331855136
MDW,DAL,2110,9928,21.253021756647865
MDW,DCA,2471,11456,21.569483240223462
MDW,DEN,8001,37858,21.134238470072376
MDW,DTW,6255,27928,22.39687768547694
MDW,EWR,5307,15666,33.87590961317503
MDW,FLL,3056,13472,22.68408551068884
MDW,HOU,5095,22058,23.09819566597153
MDW,IAD,2875,12445,23.101647247890718
MDW,LAS,6135,30886,19.86336851647996
MDW,LAX,5081,20602,24.662654111251335
MDW,LGA,6371,19780,32.2093023255814
MDW,MCI,6708,31084,21.58023420409214
MDW,MCO,5899,30062,19.622779588849713
MDW,MSP,7398,33096,22.353154459753444
MDW,MSY,1690,7885,21.43310082435003
MDW,OAK,2902,10872,26.69242089771891
MDW,PDX,1692,6814,24.831229820956853
MDW,PHL,5529,21080,26.228652751423148
MDW,PHX,5313,24665,21.540644638151228
MDW,RDU,2649,11644,22.7499141188595
MDW,SAN,3204,13203,24.267211997273346
MDW,SEA,2828,10307,27.43766372368293
MDW,SFO,2968,9044,32.81733746130031
MDW,SJC,890,3876,22.961816305469558
MDW,SLC,1984,7738,25.639700180925303
MDW,STL,6666,28865,23.09371210808938
MDW,TPA,3430,16336,20.996571988246817
MIA,ATL,11679,61182,19.088947729724428
MIA,AUS,342,1624,21.05911330049261
MIA,BNA,1506,7281,20.683971981870624
MIA,BOS,6641,24629,26.96414795566203
MIA,BWI,2275,10760,21.143122676579925
MIA,CLT,6242,34502,18.09170482870558
MIA,CVG,1302,6792,19.169611307420496
MIA,DCA,7672,32865,23.343982960596378
MIA,DEN,2495,10048,24.83081210191083
MIA,DFW,8797,37675,23.349701393497014
MIA,DTW,2483,14461,17.17032017149575
MIA,EWR,7624,28152,27.08155726058539
MIA,FLL,0,1,0.0
MIA,HOU,4,13,30.76923076923077
MIA,IAD,1912,9490,20.147523709167544
MIA,IAH,5631,28459,19.786359323939703
MIA,JFK,10210,36584,27.908375246009182
MIA,LAS,2865,12806,22.372325472434795
MIA,LAX,7558,29822,25.343705988867278
MIA,LGA,13937,53091,26.25115367953137
MIA,MCI,194,874,22.19679633867277
MIA,MCO,7281,31279,23.277598388695292
MIA,MSP,1877,9613,19.525642359305106
MIA,MSY,2332,10836,21.520856404577334
MIA,ORD,9975,39520,25.240384615384613
MIA,PHL,5630,24130,23.33195192706175
MIA,PHX,1298,6234,20.82130253448829
MIA,RDU,2304,11006,20.93403598037434
MIA,SAN,499,2495,20.0
MIA,SEA,991,3889,25.482129082026226
MIA,SFO,3850,12488,30.829596412556054
MIA,SLC,154,697,22.094691535150645
MIA,STL,2064,7460,27.66756032171582
MIA,TPA,4194,21474,19.53059513830679
MSP,ATL,8235,53648,15.35005964807635
MSP,AUS,663,4163,15.926014893105933
MSP,BNA,2279,12818,17.77968481822437
MSP,BOS,3686,19299,19.099435203896576
MSP,BWI,2347,13522,17.356899866883595
MSP,CLT,3011,20423,14.743181706899083
MSP,CVG,1950,11506,16.947679471580045
MSP,DAL,0,9,0.0
MSP,DCA,3329,20076,16.58198844391313
MSP,DEN,10394,58587,17.741137112328673
MSP,DFW,5845,30913,18.907902824054602
MSP,DTW,4125,31410,13.132760267430754
MSP,EWR,6756,20006,33.76986903928822
MSP,FLL,884,5481,16.12844371465061
MSP,IAD,1065,5030,21.17296222664016
MSP,IAH,4656,21767,21.390177792070567
MSP,JFK,2227,9655,23.06576903158985
MSP,LAS,3829,24490,15.634953042057983
MSP,LAX,5518,28389,19.43710592130755
MSP,LGA,6981,29621,23.567739104014045
MSP,MCI,2867,18867,15.195844596385221
MSP,MCO,3024,18046,16.757176105508144
MSP,MDW,6354,33344,19.05590211132438
MSP,MIA,1322,9614,13.750780112336175
MSP,MSY,440,2894,15.20387007601935
MSP,OAK,13,166,7.83132530120482
MSP,ORD,15066,68359,22.039526616831726
MSP,PDX,2387,14868,16.05461393596987
MSP,PHL,4500,22403,20.086595545239476
MSP,PHX,6558,41188,15.922113236865107
MSP,RDU,1061,5433,19.528805448187008
MSP,SAN,1801,11909,15.123016206230583
MSP,SEA,4459,28815,15.474579212215861
MSP,SFO,6204,25061,24.7555963449184
MSP,SJC,881,5870,15.008517887563885
MSP,SLC,2486,18766,13.247362250879249
MSP,STL,3557,22298,15.952103327652702
MSP,TPA,1455,9999,14.551455145514552
MSY,ATL,8806,54649,16.113744075829384
MSY,AUS,538,2706,19.881744271988175
MSY,BNA,1782,10895,16.35612666360716
MSY,BOS,1127,4646,24.257425742574256
MSY,BWI,1631,10000,16.31
MSY,CLT,2143,17498,12.247113955880671
MSY,CVG,193,1232,15.665584415584416
MSY,DAL,4767,24204,19.695091720376798
MSY,DCA,935,5683,16.45257786380433
MSY,DEN,2632,16554,15.899480488099552
MSY,DFW,4384,24243,18.083570515200265
MSY,DTW,1071,7954,13.464923309026904
MSY,EWR,2695,10403,25.90598865711814
MSY,FLL,2151,9688,22.202725020644095
MSY,HOU,6241,33260,18.76428141912207
MSY,IAD,789,4727,16.69134757774487
MSY,IAH,4846,34296,14.129927688360159
MSY,JFK,2761,12608,21.898794416243657
MSY,LAS,1278,8263,15.466537577151158
MSY,LAX,3172,17309,18.325726500664395
MSY,LGA,1860,7994,23.267450587940957
MSY,MCI,371,2305,16.09544468546638
MSY,MCO,2846,15294,18.608604681574473
MSY,MDW,1428,7859,18.17025066802392
MSY,MIA,1647,10834,15.202141406682665
MSY,MSP,557,2893,19.253370203940545
MSY,OAK,277,1320,20.984848484848484
MSY,ORD,2828,14032,20.153933865450398
MSY,PHL,1316,6942,18.95707288965716
MSY,PHX,819,3992,20.516032064128257
MSY,RDU,81,320,25.3125
MSY,SAN,281,1729,16.25216888374783
MSY,SEA,274,1686,16.251482799525505
MSY,SFO,749,3128,23.945012787723783
MSY,SJC,1,18,5.555555555555555
MSY,SLC,360,3537,10.178117048346055
MSY,STL,734,4772,15.381391450125733
MSY,TPA,2138,11406,18.744520427844993
OAK,ATL,277,1471,18.830727396329028
OAK,AUS,534,3605,14.812760055478503
OAK,BNA,291,1659,17.540687160940323
OAK,BOS,398,1392,28.59195402298851
OAK,BWI,440,2137,20.589611605053815
OAK,CLT,0,1,0.0
OAK,DAL,545,2920,18.664383561643834
OAK,DEN,2907,16516,17.60111407120368
OAK,DFW,368,1367,26.92026335040234
OAK,DTW,63,360,17.5
OAK,EWR,138,300,46.0
OAK,FLL,5,5,100.0
OAK,HOU,1246,7004,17.789834380354083
OAK,IAD,314,1593,19.711236660389204
OAK,IAH,239,808,29.57920792079208
OAK,JFK,1058,4243,24.935187367428707
OAK,LAS,6228,34555,18.02344089133266
OAK,LAX,14645,59214,24.732326814604654
OAK,MCI,539,3660,14.726775956284152
OAK,MCO,40,180,22.22222222222222
OAK,MDW,1678,10865,15.44408651633686
OAK,MSP,25,166,15.060240963855422
OAK,MSY,293,1319,22.21379833206975
OAK,ORD,231,1045,22.105263157894736
OAK,PDX,3789,19923,19.018220147568137
OAK,PHX,4952,33611,14.733271845526763
OAK,SAN,7705,40452,19.047265895382182
OAK,SEA,6357,36687,17.327663750102214
OAK,SLC,3241,25924,12.50192871470452
OAK,STL,98,909,10.78107810781078
ORD,ATL,17506,71575,24.45826056584003
ORD,AUS,5464,21795,25.069970176646017
ORD,BNA,10718,39004,27.479232899189824
ORD,BOS,17832,69126,25.79637184272199
ORD,BWI,6744,27883,24.186780475558585
ORD,CLT,12235,55504,22.043456327471894
ORD,CVG,9244,37455,24.680283006274195
ORD,DAL,215,892,24.103139013452914
ORD,DCA,16853,70461,23.918195881409574
ORD,DEN,13730,55711,24.645043169212542
ORD,DFW,17980,74997,23.974292305025536
ORD,DTW,13582,56013,24.247942441933123
ORD,EWR,19115,57016,33.525677002946544
ORD,FLL,4490,19740,22.74569402228977
ORD,IAD,4922,21916,22.458477824420513
ORD,IAH,13701,52285,26.204456345032035
ORD,JFK,6366,20253,31.432380388090653
ORD,LAS,9205,40864,22.525939702427564
ORD,LAX,19438,80058,24.279897074620898
ORD,LGA,30033,103318,29.068506939739446
ORD,MCI,9006,35079,25.673479859745147
ORD,MCO,8994,39654,22.68119231351188
ORD,MIA,9775,39522,24.733060067810335
ORD,MSP,16438,69780,23.55689309257667
ORD,MSY,3706,15333,24.170090654144655
ORD,OAK,242,1046,23.135755258126196
ORD,PDX,5161,22761,22.67475067000571
ORD,PHL,14656,57163,25.638962265801307
ORD,PHX,9772,48690,20.06982953378517
ORD,RDU,5739,24400,23.52049180327869
ORD,SAN,7007,30421,23.0334308536866
ORD,SEA,10143,47184,21.496693794506612
ORD,SFO,20920,71626,29.207271102672216
ORD,SJC,2153,8134,26.46914187361692
ORD,SLC,7895,31034,25.439840175291618
ORD,STL,6809,29278,23.25636997062641
ORD,TPA,5461,23515,23.22347437805656
PDX,ATL,1340,12238,10.949501552541264
PDX,AUS,173,1698,10.188457008244994
PDX,BOS,828,5210,15.892514395393473
PDX,BWI,162,531,30.508474576271187
PDX,CLT,462,2578,17.92086889061288
PDX,DAL,322,1927,16.709911779968863
PDX,DCA,288,2317,12.429866206301252
PDX,DEN,5588,40410,13.828260331601088
PDX,DFW,2683,18142,14.788887663984127
PDX,DTW,352,2832,12.429378531073446
PDX,EWR,1012,6342,15.957111321349732
PDX,HOU,111,676,16.420118343195266
PDX,IAD,349,3432,10.168997668997669
PDX,IAH,1253,10222,12.257875171199375
PDX,JFK,1452,8557,16.968563748977445
PDX,LAS,3435,26941,12.750083515830891
PDX,LAX,5085,36939,13.765938439048162
PDX,MCI,380,4218,9.00900900900901
PDX,MCO,64,656,9.75609756097561
PDX,MDW,797,6780,11.755162241887906
PDX,MSP,1229,14892,8.252753156056944
PDX,OAK,3206,19983,16.0436370915278
PDX,ORD,3320,22715,14.615892581994277
PDX,PHL,328,1561,21.012171684817424
PDX,PHX,4052,35137,11.532003301363234
PDX,SAN,1572,14788,10.630240735731675
PDX,SEA,4136,28880,14.321329639889196
PDX,SFO,10349,43399,23.84617157077352
PDX,SJC,3093,23578,13.118160997540079
PDX,SLC,2756,27365,10.07125890736342
PDX,STL,117,1799,6.5036131183991115
PHL,ATL,14695,67571,21.747495227242457
PHL,AUS,804,3589,22.401783226525495
PHL,BNA,1783,9060,19.679911699779247
PHL,BOS,13610,58908,23.10382291030081
PHL,BWI,970,4272,22.705992509363295
PHL,CLT,7052,33699,20.92643698626072
PHL,CVG,1582,6372,24.82736974262398
PHL,DAL,292,1249,23.378702962369896
PHL,DCA,1086,5111,21.248288006261006
PHL,DEN,6140,27097,22.659334981732297
PHL,DFW,8237,38126,21.604679221528617
PHL,DTW,4539,23987,18.922749822820695
PHL,EWR,84,230,36.52173913043478
PHL,FLL,6310,26133,24.145716144338575
PHL,HOU,414,2194,18.86964448495898
PHL,IAD,245,1100,22.272727272727273
PHL,IAH,4484,20382,21.999803748405455
PHL,JFK,971,2848,34.09410112359551
PHL,LAS,4821,21611,22.30808384618944
PHL,LAX,5837,24552,23.77403062886934
PHL,LGA,1336,5239,25.50104981866769
PHL,MCI,350,1647,21.25075895567699
PHL,MCO,11952,53131,22.495341702584177
PHL,MDW,4649,21197,21.932348917299617
PHL,MIA,5741,24131,23.790974265467657
PHL,MSP,4141,22491,18.411809168111688
PHL,MSY,1495,7025,21.281138790035588
PHL,ORD,13369,57692,23.173056922970257
PHL,PDX,456,1559,29.249518922386148
PHL,PHX,5634,26806,21.01768260837126
PHL,RDU,4367,21816,20.017418408507517
PHL,SAN,2124,8363,25.39758459882817
PHL,SEA,2616,10251,25.519461515949665
PHL,SFO,6951,25284,27.491694352159467
PHL,SLC,1152,5613,20.523784072688404
PHL,STL,1831,8971,20.410210678854085
PHL,TPA,5846,26840,21.780923994038748
PHX,ATL,5136,38706,13.269260579755077
PHX,AUS,4312,24234,17.793183131138072
PHX,BNA,1683,8647,19.463397710188506
PHX,BOS,3256,15583,20.89456458961689
PHX,BWI,3250,18038,18.01751857190376
PHX,CLT,4408,29035,15.181677286034098
PHX,CVG,308,2220,13.873873873873874
PHX,DAL,1612,7842,20.555980617189494
PHX,DCA,2248,10765,20.88248954946586
PHX,DEN,13557,80572,16.82594449684754
PHX,DFW,7985,48011,16.631605257128577
PHX,DTW,4065,29513,13.773591298749704
PHX,EWR,6437,25583,25.161239885861704
PHX,FLL,1191,6711,17.746982565936523
PHX,HOU,3233,14859,21.757857190928057
PHX,IAD,368,3973,9.262522023659702
PHX,IAH,4326,32789,13.193449022538045
PHX,JFK,4924,22906,21.496551121976776
PHX,LAS,11106,69475,15.985606333213386
PHX,LAX,17138,83327,20.567163104395934
PHX,LGA,3,35,8.571428571428571
PHX,MCI,3303,21278,15.523075477018516
PHX,MCO,2165,12845,16.854807318022576
PHX,MDW,4559,24711,18.449273602848933
PHX,MIA,986,6233,15.819027755494947
PHX,MSP,6047,41177,14.685382616509216
PHX,MSY,745,3996,18.643643643643642
PHX,OAK,5784,33561,17.234289800661482
PHX,ORD,9032,48741,18.530600521121848
PHX,PDX,5629,35214,15.985119554722555
PHX,PHL,5332,26861,19.85034064256729
PHX,RDU,726,3621,20.049710024855013
PHX,SAN,10751,59729,17.999631669708183
PHX,SEA,8178,52537,15.566172411824047
PHX,SFO,13994,50119,27.921546718809232
PHX,SJC,5511,36009,15.304507206531701
PHX,SLC,8541,58939,14.49125366904766
PHX,STL,3479,21774,15.977771654266556
PHX,TPA,1792,11247,15.93313772561572
RDU,ATL,8286,52840,15.68130204390613
RDU,AUS,135,545,24.770642201834864
RDU,BNA,2122,12990,16.335642802155505
RDU,BOS,5289,24027,22.012735672368585
RDU,BWI,4378,23407,18.70380655359508
RDU,CLT,4478,28452,15.7387881344018
RDU,CVG,524,3125,16.768
RDU,DAL,305,1289,23.661753297129557
RDU,DCA,3272,14771,22.15151309999323
RDU,DEN,1309,8357,15.66351561565155
RDU,DFW,3132,18070,17.332595462091867
RDU,DTW,1364,10641,12.81834414058829
RDU,EWR,4047,12625,32.05544554455446
RDU,FLL,1420,7910,17.9519595448799
RDU,HOU,556,3153,17.633999365683476
RDU,IAD,1729,11213,15.41960224739142
RDU,IAH,2446,12200,20.04918032786885
RDU,JFK,6865,25347,27.08407306584606
RDU,LAS,786,4596,17.10182767624021
RDU,LAX,1009,5226,19.307309605817068
RDU,LGA,9422,31289,30.11281920163636
RDU,MCI,99,387,25.581395348837212
RDU,MCO,2291,13983,16.38418079096045
RDU,MDW,1641,11594,14.153872692772124
RDU,MIA,1955,11004,17.766266812068338
RDU,MSP,954,6326,15.080619664875119
RDU,MSY,91,320,28.4375
RDU,ORD,4900,23807,20.582181711261395
RDU,PHL,4860,21744,22.350993377483444
RDU,PHX,731,3619,20.19894998618403
RDU,SAN,17,40,42.5
RDU,SEA,278,1736,16.013824884792626
RDU,SFO,773,3839,20.135451940609535
RDU,SLC,165,1403,11.760513186029936
RDU,STL,886,5138,17.244063838069287
RDU,TPA,1868,10750,17.376744186046512
SAN,ATL,2248,21633,10.391531456570979
SAN,AUS,1273,8005,15.902560899437852
SAN,BNA,756,4665,16.205787781350484
SAN,BOS,1613,8360,19.294258373205743
SAN,BWI,1346,8922,15.08630351939027
SAN,CLT,1131,7428,15.226171243941842
SAN,CVG,158,1220,12.950819672131148
SAN,DAL,874,4643,18.824036183502045
SAN,DCA,158,697,22.66857962697274
SAN,DEN,7476,47486,15.743587583708882
SAN,DFW,5314,32987,16.10937642101434
SAN,DTW,752,7673,9.80059950475694
SAN,EWR,2493,12137,20.54049600395485
SAN,FLL,176,816,21.568627450980394
SAN,HOU,1311,7429,17.647058823529413
SAN,IAD,1340,10968,12.217359591539022
SAN,IAH,2168,20095,10.788753421249067
SAN,JFK,3407,18667,18.251459795360798
SAN,LAS,8771,45189,19.40959082962668
SAN,LAX,11077,76660,14.449517349334725
SAN,MCI,1037,6153,16.85356736551276
SAN,MCO,719,3766,19.09187466808285
SAN,MDW,1949,13165,14.804405620964678
SAN,MIA,313,2495,12.545090180360722
SAN,MSP,1018,11898,8.556059841990251
SAN,MSY,333,1729,19.259687680740313
SAN,OAK,8321,40510,20.540607257467293
SAN,ORD,4652,28940,16.074637180373188
SAN,PDX,1498,14778,10.136689673839491
SAN,PHL,1496,8373,17.86695330228114
SAN,PHX,9926,59931,16.56238007041431
SAN,RDU,15,40,37.5
SAN,SEA,3860,30970,12.463674523732644
SAN,SFO,20667,72432,28.53296885354539
SAN,SJC,7026,38563,18.21953686175868
SAN,SLC,2152,22141,9.719524863375637
SAN,STL,530,3588,14.771460423634336
SAN,TPA,70,359,19.498607242339833
SEA,ATL,3775,28588,13.204841192108576
SEA,AUS,826,5654,14.609126282278034
SEA,BNA,524,3348,15.651135005973716
SEA,BOS,2957,14835,19.932591843613075
SEA,BWI,937,5128,18.27223088923557
SEA,CLT,1552,8387,18.504828901871946
SEA,CVG,242,2528,9.572784810126581
SEA,DAL,603,2489,24.22659702691844
SEA,DCA,1049,7249,14.470961511932682
SEA,DEN,9068,59254,15.303608195227325
SEA,DFW,6424,38237,16.800481209299893
SEA,DTW,1944,16834,11.548057502673162
SEA,EWR,4006,18928,21.164412510566358
SEA,FLL,350,2666,13.12828207051763
SEA,HOU,241,801,30.087390761548065
SEA,IAD,1556,11815,13.169699534490057
SEA,IAH,3636,24696,14.723032069970845
SEA,JFK,4584,22770,20.131752305665348
SEA,LAS,6890,51993,13.25178389398573
SEA,LAX,11821,74035,15.966772472479231
SEA,MCI,872,5866,14.865325605182408
SEA,MCO,791,6543,12.089255693107138
SEA,MDW,1640,10282,15.950204240420153
SEA,MIA,729,3886,18.7596500257334
SEA,MSP,3435,28820,11.91880638445524
SEA,MSY,210,1686,12.455516014234876
SEA,OAK,5776,36747,15.718289928429533
SEA,ORD,8194,46596,17.585200446390246
SEA,PDX,3917,29303,13.367232024024844
SEA,PHL,1993,10247,19.449595003415634
SEA,PHX,6948,52435,13.25069133212549
SEA,RDU,195,1735,11.239193083573488
SEA,SAN,4002,30975,12.920096852300242
SEA,SFO,17463,70095,24.91333190669805
SEA,SJC,4780,34164,13.991335909144128
SEA,SLC,4289,37023,11.584690597736543
SEA,STL,889,6728,13.213436385255648
SEA,TPA,219,1682,13.020214030915579
SFO,ATL,5108,32763,15.590757867106186
SFO,AUS,3983,18240,21.836622807017545
SFO,BNA,360,1838,19.58650707290533
SFO,BOS,9218,39910,23.096968178401404
SFO,BWI,1091,4668,23.371893744644385
SFO,CLT,3060,17528,17.45778183477864
SFO,CVG,766,4711,16.25981744852473
SFO,DAL,1548,6360,24.339622641509433
SFO,DCA,960,4731,20.291693088142043
SFO,DEN,13715,62694,21.876096596165503
SFO,DFW,10690,49445,21.619981797957326
SFO,DTW,1877,14232,13.18858909499719
SFO,EWR,12286,47099,26.08547952185821
SFO,FLL,2726,10408,26.19139123750961
SFO,IAD,6827,35222,19.382772131054455
SFO,IAH,6760,32887,20.555234591175843
SFO,JFK,16974,78713,21.56441756761907
SFO,LAS,17172,78712,21.81624148795609
SFO,LAX,39445,148348,26.589505756734166
SFO,MCI,1744,6589,26.468356351494915
SFO,MCO,1877,8767,21.40983232576708
SFO,MDW,2023,9070,22.304299889746417
SFO,MIA,2841,12491,22.744375950684493
SFO,MSP,3836,25084,15.29261680752671
SFO,MSY,633,3134,20.197830248883218
SFO,ORD,16743,73549,22.764415559694896
SFO,PDX,8865,43331,20.458793935058043
SFO,PHL,5402,25910,20.8490930142802
SFO,PHX,9806,50083,19.57949803326478
SFO,RDU,859,3843,22.35232890970596
SFO,SAN,16429,71214,23.069901985564638
SFO,SEA,15655,69425,22.549513863881888
SFO,SJC,1,1,100.0
SFO,SLC,8143,34400,23.671511627906977
SFO,STL,1645,6466,25.440767089390658
SFO,TPA,173,701,24.679029957203994
SJC,ATL,639,4766,13.407469576164498
SJC,AUS,1178,7578,15.544998680390604
SJC,BOS,615,2275,27.032967032967033
SJC,BWI,78,782,9.974424552429667
SJC,CLT,68,417,16.30695443645084
SJC,CVG,32,95,33.68421052631579
SJC,DAL,542,2389,22.687316868982837
SJC,DEN,3766,26267,14.337381505310844
SJC,DFW,2831,17612,16.07426754485578
SJC,DTW,4,38,10.526315789473683
SJC,EWR,297,1194,24.87437185929648
SJC,HOU,46,268,17.16417910447761
SJC,IAH,613,6580,9.316109422492401
SJC,JFK,941,3733,25.207607822126977
SJC,LAS,5269,31423,16.767972504216658
SJC,LAX,13490,64861,20.7983225667196
SJC,MCI,9,15,60.0
SJC,MCO,82,237,34.59915611814346
SJC,MDW,623,3877,16.06912561258705
SJC,MSP,551,5876,9.37712729748128
SJC,MSY,2,18,11.11111111111111
SJC,ORD,1406,8138,17.276972229048905
SJC,PDX,3315,23518,14.095586359384301
SJC,PHX,4791,35991,13.311661248645496
SJC,SAN,6715,38655,17.371620747639373
SJC,SEA,4838,34067,14.201426600522499
SJC,SLC,1512,17154,8.814270724029381
SJC,STL,32,268,11.940298507462686
SLC,ATL,3662,28364,12.910731913693413
SLC,AUS,859,6499,13.217418064317588
SLC,BNA,499,3492,14.289805269186711
SLC,BOS,1310,7329,17.8741983899577
SLC,BWI,1394,10140,13.747534516765286
SLC,CLT,682,4808,14.1846921797005
SLC,CVG,794,7367,10.777792860051582
SLC,DAL,167,1267,13.180741910023677
SLC,DCA,673,5198,12.947287418237785
SLC,DEN,13673,78383,17.443833484301443
SLC,DFW,4942,31689,15.595316986967086
SLC,DTW,1554,14635,10.618380594465322
SLC,EWR,1469,5252,27.970297029702973
SLC,FLL,188,1126,16.69626998223801
SLC,HOU,21,166,12.650602409638553
SLC,IAD,432,2580,16.74418604651163
SLC,IAH,3880,21827,17.77614880652403
SLC,JFK,3954,19520,20.25614754098361
SLC,LAS,6309,43580,14.47682423129876
SLC,LAX,9447,53904,17.525601068566342
SLC,LGA,2,21,9.523809523809524
SLC,MCI,963,7904,12.183704453441296
SLC,MCO,1424,9690,14.695562435500516
SLC,MDW,1125,7787,14.447155515602928
SLC,MIA,95,697,13.629842180774748
SLC,MSP,2167,18861,11.48931657918456
SLC,MSY,514,3537,14.532089341249646
SLC,OAK,3535,25880,13.65919629057187
SLC,ORD,6720,30906,21.7433508056688
SLC,PDX,3471,27272,12.72733939571722
SLC,PHL,972,5613,17.31694281133084
SLC,PHX,8159,59003,13.828110435062623
SLC,RDU,170,1402,12.125534950071327
SLC,SAN,2602,22144,11.7503612716763
SLC,SEA,5231,37010,14.134017833018103
SLC,SFO,8638,30921,27.935707124607873
SLC,SJC,1852,17175,10.78311499272198
SLC,STL,1152,7702,14.957153985977667
SLC,TPA,67,575,11.652173913043478
STL,ATL,6434,40060,16.06090863704443
STL,AUS,324,1762,18.388195232690123
STL,BNA,1362,7051,19.316409019997163
STL,BOS,1866,8417,22.169419032909587
STL,BWI,3018,14987,20.137452458797625
STL,CLT,1953,13698,14.25755584756899
STL,CVG,342,2621,13.048454788248758
STL,DAL,5688,25256,22.521381057966426
STL,DCA,3145,14763,21.303258145363408
STL,DEN,4429,23737,18.658634199772507
STL,DFW,4938,28667,17.225381100219764
STL,DTW,3023,16680,18.123501199040767
STL,EWR,6792,20427,33.25011014833309
STL,FLL,972,4859,20.004116073266104
STL,HOU,2789,13368,20.86325553560742
STL,IAD,123,598,20.5685618729097
STL,IAH,1794,9118,19.675367405132704
STL,JFK,515,1780,28.932584269662918
STL,LAS,2317,14920,15.529490616621983
STL,LAX,3070,16540,18.56106408706167
STL,LGA,5264,18945,27.785695434151492
STL,MCI,2646,14605,18.11708319068812
STL,MCO,2920,17242,16.935390325948266
STL,MDW,5613,28821,19.47538253356927
STL,MIA,1342,7463,17.982044754120327
STL,MSP,3670,21986,16.69244064404621
STL,MSY,961,4765,20.167890870933896
STL,OAK,147,910,16.153846153846153
STL,ORD,6166,30162,20.442941449505998
STL,PDX,272,1799,15.119510839355197
STL,PHL,2157,9041,23.8579803119124
STL,PHX,3308,21861,15.13197017519784
STL,RDU,1142,5138,22.226547294667185
STL,SAN,610,3588,17.001114827201782
STL,SEA,1178,6727,17.51152073732719
STL,SFO,1713,6440,26.59937888198758
STL,SJC,45,268,16.791044776119403
STL,SLC,965,7817,12.344889343738007
STL,TPA,1540,7999,19.25240655081885
TPA,ATL,10838,72550,14.93866299104066
TPA,AUS,587,3799,15.451434588049487
TPA,BNA,2320,13877,16.718310874108237
TPA,BOS,3408,15000,22.720000000000002
TPA,BWI,4695,27867,16.84788459468188
TPA,CLT,4023,30393,13.23660053301747
TPA,CVG,591,5384,10.976968796433878
TPA,DAL,631,3167,19.92421850331544
TPA,DCA,3382,21020,16.089438629876305
TPA,DEN,2654,17480,15.183066361556063
TPA,DFW,4350,25550,17.025440313111545
TPA,DTW,2279,19168,11.889607679465776
TPA,EWR,6132,24067,25.478871483774462
TPA,FLL,3855,22016,17.50999273255814
TPA,HOU,2125,12277,17.308788792050176
TPA,IAD,1597,11596,13.771990341497068
TPA,IAH,2598,18215,14.262970079604722
TPA,JFK,6153,26560,23.166415662650603
TPA,LAS,1086,7441,14.594812525198225
TPA,LAX,788,4543,17.34536649790887
TPA,LGA,4418,18146,24.346963518130718
TPA,MCI,957,5750,16.643478260869564
TPA,MCO,1,1,100.0
TPA,MDW,2830,16394,17.262413077955348
TPA,MIA,3546,21551,16.4539928541599
TPA,MSP,1394,10010,13.926073926073926
TPA,MSY,1861,11306,16.460286573500795
TPA,ORD,4253,23486,18.108660478582987
TPA,PHL,5353,26693,20.05394672760649
TPA,PHX,1811,11248,16.100640113798008
TPA,RDU,1725,10633,16.223079093388506
TPA,SAN,64,359,17.827298050139277
TPA,SEA,333,1681,19.80963712076145
TPA,SFO,91,700,13.0
TPA,SLC,49,575,8.521739130434783
TPA,STL,1457,8016,18.176147704590818
